Object,Field API Name,Field Label,Data Type,Length,Precision,Scale,Required,Unique,External ID,Picklist Values,Lookup Relationship To,Relationship Name
Case,AccountId,,,Lookup,,,,false,false,false,,,,
Case,AssetId,,,Lookup,,,,false,true,false,,,,
Case,BusinessHoursId,,,Lookup,,,,false,false,false,,,,
Case,ClosedDate,,,,,,,false,,,,,
Case,Comments,,,,,,,false,,,,,
Case,ContactEmail,,,,,,,false,,,,,
Case,ContactFax,,,,,,,false,,,,,
Case,ContactId,,,Lookup,,,,false,true,false,,,,
Case,ContactMobile,,,,,,,false,,,,,
Case,ContactPhone,,,,,,,false,,,,,
Case,Description,,,,,,,false,true,false,,,,
Case,EngineeringReqNumber__c,Engineering Req Number,Text,12,,,,false,false,false,,,,
Case,EntitlementId,,,Lookup,,,,false,false,false,,,,
Case,IsClosedOnCreate,,,,,,,false,,,,,
Case,IsEscalated,,,,,,,false,,,,,
Case,IsStopped,,,,,,,false,,,,,
Case,MilestoneStatus,,,,,,,false,,,,,
Case,MilestoneStatusIcon,,,,,,,false,,,,,
Case,Origin,,,Picklist,,,,false,true,false,,,,
Case,OwnerId,,,Lookup,true,true,false,,,,
